<?xml version="1.0" encoding="UTF-8"?>
<project-private xmlns="http://www.netbeans.org/ns/project-private/1">
    <editor-bookmarks xmlns="http://www.netbeans.org/ns/editor-bookmarks/2" lastBookmarkId="0"/>
    <open-files xmlns="http://www.netbeans.org/ns/projectui-open-files/2">
        <group>
            <file>file:/C:/Users/Alumno/Documents/calculadora-master/Calculadora/src/edu/ipn/cecyt9/calculadora/CalculadoraMain.java</file>
            <file>file:/C:/Users/Alumno/Documents/calculadora-master/Calculadora/src/edu/ipn/cecyt9/calculadora/Calculadora.java</file>
        </group>
    </open-files>
</project-private>
